<?xml version="1.0" encoding="UTF-8"?>
<metadata xml:lang="cs"><Esri><CreaDate>20200405</CreaDate><CreaTime>13343500</CreaTime><ArcGISFormat>1.0</ArcGISFormat><SyncOnce>TRUE</SyncOnce><DataProperties><itemProps><itemLocation><linkage Sync="TRUE">file://\\DESKTOP-UTMVLBM\C$\Users\vojta\OneDrive - ČZU v Praze\GISII\cviceni\cv6_Interpolace_I\data\kraje</linkage><protocol Sync="TRUE">Local Area Network</protocol></itemLocation></itemProps><copyHistory><copy source="C:\Users\vojta\OneDrive - ČZU v Praze\GISII\cviceni\cv6_Interpolace_I\kraje" dest="\\DESKTOP-UTMVLBM\C$\Users\vojta\OneDrive - ČZU v Praze\GISII\cviceni\cv6_Interpolace_I\data\kraje" date="20200405" time="13343500"></copy></copyHistory></DataProperties></Esri></metadata>
