FID,nazev,diverzita,HnizdoZem,HnizdoKer,HnizdoStro,std,d00,d01,d02,REKULT,RN,PSRI,SLO,CUR,TWI,X,Y
0,A01,6,2,4,1,2.259,17.4,2.3,4.8,None,N,0.02106247,5.41,0.03,5.1,-779596.545086,-988151.846523
1,A02,16,2,4,8,3.328,13.9,10.8,20.6,None,N,0.049125632,12.18,-0.18,4.34,-779708.110176,-987873.362716
2,A03,8,1,6,3,1.51,16.7,16.1,11.1,None,N,0.039010305,7.92,0.08,4.6,-779819.675265,-987594.878909
3,A04,12,1,5,8,5.504,7.2,8.6,51.4,None,N,0.015335421,11.32,-0.05,4.15,-779931.240355,-987316.395102
4,A05,18,4,6,11,5.96,28.9,6.1,31.2,None,N,0.02016072,9.08,-0.2,4.6,-780042.805444,-987037.911295
5,A06,11,2,4,5,4.18,5.5,10.4,27.3,None,N,0.01742789,12.31,0.03,4.11,-779764.321637,-986926.346205
6,A07,14,3,8,5,3.881,10.6,18.6,45.9,None,N,0.020632728,13.06,-0.32,4.18,-779485.837830,-986814.781116
7,A08,9,3,4,2,3.241,9,24.2,53.2,None,N,0.017217282,9.88,0.06,4.22,-779207.354023,-986703.216026
8,A09,17,5,8,4,1.35,18.9,30.3,18.9,None,N,0.038992446,11.92,-0.1,4.13,-779095.788933,-986981.699833
9,A10,14,2,7,7,3.746,7.4,21,51,None,N,0.016258285,13.81,-0.06,3.98,-779374.272740,-987093.264923
10,A11,10,3,6,2,4.37,7.8,13.3,60.5,None,N,0.010306838,16.3,0.07,3.77,-779652.756547,-987204.830012
11,A12,8,2,4,3,2.036,16,7,10.3,None,N,0.028920206,12.91,0.03,4.22,-779541.191458,-987483.313819
12,A13,7,3,4,0,2.805,7.6,3,3.3,None,N,0.02126988,8.31,0.19,4.42,-779429.626368,-987761.797627
13,A14,7,2,5,2,2.306,25.3,2.5,4.5,None,N,0.007336941,7.37,-0.06,4.81,-779151.142561,-987650.232537
14,A15,9,1,4,4,1.667,21,2.1,0.8,None,N,0.107367764,4.48,0.13,5.09,-779262.707651,-987371.748730
15,A16,12,3,7,4,1.457,17,11.5,5.7,None,N,0.073135822,6.94,0.11,4.76,-778984.223844,-987260.183640
16,A17,11,6,4,3,1.746,20.4,6,7.3,None,N,0.08933759,4.31,-0.06,5.13,-778872.658754,-987538.667448
17,A18,7,3,4,1,1.217,18.6,0.2,0.1,None,N,0.030320237,5.05,-0.14,5.12,-778761.093665,-987817.151255
18,A19,7,4,2,1,1.985,9.5,6.5,17.3,Forest,R,0.038709524,7.23,0.06,4.76,-778482.609858,-987705.586165
19,A20,9,3,4,2,1.155,5.2,11.4,8.7,Other,R,0.032186361,3.97,-0.07,5.2,-778594.174947,-987427.102358
20,A21,9,5,4,1,1.229,3.9,10.8,12,Other,R,0.036243769,11.46,-0.01,4.38,-778705.740037,-987148.618551
21,A22,5,4,2,0,3.034,2.6,1.8,1.6,Other,R,0.039700902,3.08,0,5.38,-778427.256230,-987037.053461
22,A23,6,4,1,1,2.192,1.2,0.1,0.4,Other,R,0.060644729,5.08,-0.03,5.09,-778315.691140,-987315.537268
23,A24,3,1,1,2,2.204,2.8,0.1,0.7,Forest,R,0.064196077,6.76,0.26,4.98,-778204.126051,-987594.021076
24,A25,11,7,3,1,1.262,2.9,1.2,2.1,Forest,R,0.056769118,4.67,0.18,4.87,-778092.560961,-987872.504883
25,A26,12,4,7,3,2.542,7.4,9.3,43.5,None,N,0.03930615,9.26,-0.17,4.47,-778371.044768,-987984.069972
26,A27,16,4,8,8,4.547,5,5.2,52.8,None,N,0.014842219,8.89,0.09,4.37,-778649.528575,-988095.635062
27,A28,12,4,6,3,2.244,7.8,8.5,23.7,None,N,0.027797389,10.62,0.08,4.2,-778928.012382,-988207.200151
28,A29,7,2,5,1,1.449,27.9,2.9,2.5,None,N,0.006325454,6.84,0.07,4.57,-779039.577472,-987928.716344
29,A30,8,2,4,3,2.481,27.4,2.8,9.5,None,N,0.010876724,6.09,0.01,4.82,-779318.061279,-988040.281434
30,B01,11,4,5,3,1.676,36.5,3.8,2.3,None,N,0.041767342,5.98,-0.07,5.47,-778704.882203,-988764.167765
31,B02,13,2,7,6,1.776,13.2,12.1,38.3,None,N,0.018712757,10.02,0.03,4.36,-778816.447293,-988485.683958
32,B03,11,1,6,5,5.599,3.8,6.5,79.7,None,N,0.017488558,10.93,0.26,3.92,-778537.963486,-988374.118869
33,B04,12,3,6,4,8.199,4.5,7.6,51.4,None,N,0.051811656,5.38,-0.01,4.8,-778259.479679,-988262.553779
34,B05,8,4,3,2,1.721,5.9,17.6,31.8,Forest,R,0.084819401,8.71,0.02,4.59,-777980.995872,-988150.988690
35,B06,5,3,1,1,0,3.1,0,0,Forest,R,0.054108927,2.22,0.01,5.53,-777702.512065,-988039.423600
36,B07,10,6,4,1,2.275,6.2,5,11.4,Forest,R,0.090268007,2.75,0.02,5.23,-777424.028258,-987927.858511
37,B08,11,9,1,1,1.758,13.7,5.4,26.8,Sukcess,R,0.130916213,9.03,0.01,3.82,-777145.544450,-987816.293421
38,B09,14,9,4,1,1.665,14.9,7.8,14.3,Sukcess,R,0.105705704,8.44,-0.05,4.28,-777033.979361,-988094.777228
39,B10,12,10,2,0,2.867,15.6,0.7,0.5,Sukcess,R,0.132535853,8.45,-0.06,4.06,-776755.495554,-987983.212139
40,B11,2,2,0,0,2.002,2.1,0.1,0.3,Other,R,0.05008799,2.49,0.11,5.48,-776477.011747,-987871.647049
41,B12,3,3,0,0,1.607,0.7,0.1,0,Other,R,0.063805109,4.94,0.07,5.08,-776365.446657,-988150.130857
42,B13,4,4,0,0,1.775,1.2,0,0,Other,R,0.063470729,6.42,0.01,4.83,-776643.930464,-988261.695946
43,B14,4,2,1,1,2.073,24.9,1.4,4.1,Agri,R,0.067751378,2.97,0.05,5.22,-776922.414271,-988373.261035
44,B15,10,1,3,6,4.163,4.2,1.1,6.1,Other,R,0.049509749,5.14,0.06,4.84,-776810.849182,-988651.744843
45,B16,14,4,6,6,3.149,6.2,5.7,21.5,None,N,0.018140386,5.93,0,4.68,-776699.284092,-988930.228650
46,B17,15,4,6,6,3.922,5.9,3.4,8.3,None,N,0.043213803,5.17,0.03,4.88,-776587.719003,-989208.712457
47,B18,17,3,6,9,8.52,12.5,7.7,22.3,None,N,0.05194683,5.08,-0.03,4.92,-776866.202810,-989320.277546
48,B19,14,2,8,6,5.571,7.6,3.2,29.1,None,N,0.050306305,6.55,-0.05,4.77,-777144.686617,-989431.842636
49,B20,14,4,8,5,5.233,4.7,3.7,33.5,None,N,0.025542091,7.31,0.08,4.41,-777256.251707,-989153.358829
50,B21,12,4,4,4,3.313,11.4,6,9.1,None,N,0.049729122,5.79,0.02,4.65,-776977.767900,-989041.793739
51,B22,11,3,2,6,2.992,15.5,1.3,14.4,Other,R,0.023492734,7.56,-0.09,4.72,-777089.332989,-988763.309932
52,B23,12,3,7,3,2.037,10,2.1,5.6,None,N,0.061667679,4.66,0.05,4.96,-777367.816796,-988874.875022
53,B24,17,5,8,7,2.468,8.5,10.8,25.3,Forest,R,0.069349015,11.73,-0.21,4.24,-777479.381886,-988596.391214
54,B25,2,2,0,0,1.169,9.7,0.3,0.4,Agri,R,0.049062935,1.86,0.07,5.53,-777200.898078,-988484.826125
55,B26,11,5,4,3,1.418,11.7,9.3,7.7,Forest,R,0.143321546,4.39,-0.11,5.38,-777312.463168,-988206.342318
56,B27,8,3,3,2,1.466,12.3,11.6,9.1,Forest,R,0.098125288,5.5,-0.09,4.86,-777590.946975,-988317.907407
57,B28,18,14,4,1,3.425,19.4,7.4,34.3,None,N,0.144313857,6.64,-0.04,5.26,-777869.430782,-988429.472497
58,B29,5,1,4,1,1.31,32,2.2,5.4,None,N,0.020819994,6.11,0.06,4.83,-778147.914589,-988541.037586
59,B30,12,0,8,6,2.283,23.9,8.2,22.2,None,N,0.016486554,8.82,0.08,4.49,-778426.398396,-988652.602676
60,C01,12,3,5,5,4.844,9.4,6.3,19.7,None,N,0.027375488,8.5,-0.12,4.6,-780154.370533,-986759.427488
61,C02,10,1,5,5,2.618,6.8,9,15.6,None,N,0.037935901,10.78,0.05,4.28,-779875.886726,-986647.862398
62,C03,12,3,7,3,1.47,6.9,35.2,46.7,None,N,0.014784032,4.51,0.07,4.99,-779597.402919,-986536.297309
63,C04,12,3,6,4,2.984,14.5,37.4,32.9,None,N,0.014851897,6.49,-0.04,4.76,-779318.919112,-986424.732219
64,C05,11,6,1,3,3.366,4.3,3.6,7.2,Other,R,0.062928408,4.52,0.03,4.95,-779040.435305,-986313.167130
65,C06,9,5,2,2,2.397,2,0.5,3,Other,R,0.054340475,3.68,0.01,5.23,-778928.870216,-986591.650937
66,C07,4,3,1,0,3.794,2.5,3.2,11,Other,R,0.084573567,8.89,0.13,4.29,-778817.305126,-986870.134744
67,C08,11,4,4,5,2.503,4.3,4.8,33.8,Forest,R,0.047238156,9.06,-0.17,4.61,-778538.821319,-986758.569654
68,C09,11,4,5,3,4.196,7.9,1.6,19.4,Forest,R,0.045372124,11.12,0.17,4.1,-778650.386409,-986480.085847
69,C10,11,6,5,3,2.744,11.9,7.3,16,Forest,R,0.083711219,10.24,-0.04,4.14,-778761.951498,-986201.602040
70,C11,8,3,3,3,2.07,13.8,10.7,8.9,Other,R,0.052782927,7.56,0.06,4.51,-778873.516588,-985923.118233
71,C12,8,2,4,4,3.795,11.4,10.1,21,Other,R,0.04508453,7.03,0.06,4.58,-779152.000395,-986034.683323
72,C13,10,1,4,8,4.665,1.5,1.9,91,None,N,0.017274476,18.55,-0.72,3.92,-779430.484202,-986146.248412
73,C14,10,1,2,8,4.215,5.1,4.3,80.5,None,N,0.011452774,8.72,0.46,4.51,-779708.968009,-986257.813501
74,C15,13,6,4,3,1.685,42.4,24,11.4,None,N,0.026876362,3,0.02,5.13,-779987.451816,-986369.378591
75,C16,14,3,7,5,1.957,12.7,19.4,26.5,None,N,0.046877488,16.12,0.02,4.02,-780265.935623,-986480.943681
76,C17,9,2,6,2,4.773,9.3,13.1,60.5,None,N,0.015230985,7.7,0.02,4.49,-780377.500712,-986202.459873
77,C18,12,3,2,8,4.631,4.7,1.8,82.1,None,N,0.027142432,22.23,0.07,3.49,-780099.016905,-986090.894784
78,C19,16,2,4,13,6.463,9.9,5,58,None,N,0.035231257,17.37,-0.54,4.1,-779820.533098,-985979.329694
79,C20,10,3,4,4,2.727,10.2,7.9,21.1,None,N,0.026850675,9.05,0.21,4.2,-779542.049291,-985867.764605
80,C21,7,4,3,0,2.069,51.8,8.7,5.4,None,N,0.002882119,4.19,-0.08,5.19,-779263.565484,-985756.199515
81,C22,9,3,4,3,3.561,38.5,10.4,14.4,Agri,R,0.006316477,7.06,-0.05,4.84,-779375.130574,-985477.715708
82,C23,13,3,5,5,3.312,20,9.7,13.5,Other,R,0.054175797,5.84,0.01,4.7,-779486.695663,-985199.231901
83,C24,9,2,5,4,7.931,23.5,1.6,6,Other,R,0.084336707,2.44,0.02,5.21,-779598.260753,-984920.748094
84,C25,9,3,1,5,2.991,11.1,5.1,47.7,Forest,R,0.067482945,9.54,-0.14,4.3,-779709.825842,-984642.264287
85,C26,10,5,2,3,2.827,13.5,4.8,26.4,Agri,R,0.031853284,7.22,0.11,4.53,-779821.390932,-984363.780480
86,C27,5,3,0,1,0.876,25,0,0,Agri,R,0.093493615,2.58,0.02,5.54,-779932.956021,-984085.296673
87,C28,6,5,0,1,0,12,0,0,Agri,R,0.119835275,2.07,0.03,5.6,-780044.521110,-983806.812866
88,C29,10,5,2,4,5.208,10.4,9.8,28.6,Forest,R,0.048384474,7.6,0.02,4.54,-779766.037303,-983695.247776
89,C30,11,3,4,5,4.742,13.7,9.2,47.1,Forest,R,0.024714127,8.04,-0.05,4.47,-779487.553496,-983583.682687
90,D01,8,2,3,4,4.868,5.7,7.6,76.5,Forest,R,0.010535104,6.98,-0.08,4.5,-778540.536986,-983527.471226
91,D02,11,5,3,4,4.451,28.5,2.1,13.9,Agri,R,0.064548646,6.82,0.08,4.72,-778819.020793,-983639.036315
92,D03,5,4,0,0,0,12.5,0,0,Agri,R,0.087782481,5.59,-0.04,4.86,-779097.504600,-983750.601404
93,D04,4,3,0,1,0.242,15.4,0,0,Agri,R,0.089738497,2.95,0.02,5.31,-779375.988407,-983862.166494
94,D05,3,2,0,1,0,9.6,0,0,Agri,R,0.091031428,2.61,-0.01,5.62,-779654.472214,-983973.731584
95,D06,6,3,2,1,2.897,9.8,1.4,1.9,Agri,R,0.082303369,3.55,0.09,5.02,-779542.907125,-984252.215391
96,D07,6,3,1,2,0,6.4,0,0,Agri,R,0.065727857,1.46,0,5.82,-779431.342035,-984530.699198
97,D08,13,7,3,6,3.351,6.9,2.8,20.1,Agri,R,0.073387215,5.36,0,4.8,-779319.776946,-984809.183005
98,D09,15,5,6,8,3.911,10.6,11.6,38,Forest,R,0.080634592,5.09,-0.06,5.35,-779208.211856,-985087.666812
99,D10,11,6,4,2,1.474,6.1,6,4.6,Other,R,0.041885786,7.8,-0.09,4.56,-779096.646766,-985366.150619
100,D11,9,4,3,3,2.097,14.3,4.3,8.3,Other,R,0.065293037,9.02,0.04,4.41,-778985.081677,-985644.634426
101,D12,6,4,1,0,0.661,4.9,1.2,0.2,Other,R,0.03545661,7.95,0,4.74,-778706.597870,-985533.069337
102,D13,7,3,2,2,2.145,3.8,3.1,15,Other,R,0.028051856,5.03,-0.09,5.1,-778818.162959,-985254.585529
103,D14,6,3,2,1,1.462,4.6,23.1,43.6,Forest,R,0.014739037,6.22,0.06,4.84,-778929.728049,-984976.101722
104,D15,10,4,5,4,2.709,11,6.4,34.4,Forest,R,0.045854054,4.94,-0.05,4.99,-779041.293138,-984697.617915
105,D16,3,3,0,0,0,12,0,0,Agri,R,0.061983261,1.38,0,5.93,-779152.858228,-984419.134108
106,D17,6,4,0,2,4.262,10.7,1.1,2.3,Agri,R,0.085687751,4.8,0.1,4.85,-779264.423317,-984140.650301
107,D18,5,5,0,0,3.938,9.8,0.6,1.9,Agri,R,0.075396181,4.4,0.03,4.86,-778985.939510,-984029.085212
108,D19,4,4,0,0,0,12.7,0,0,Agri,R,0.08073065,1.4,0.01,5.91,-778874.374421,-984307.569019
109,D20,9,5,4,3,3.79,17.1,2.2,9.7,Agri,R,0.084282692,2.36,-0.08,5.75,-778762.809331,-984586.052826
110,D21,8,3,4,2,4.589,4.6,0.4,4.2,Agri,R,0.055795814,4.93,-0.04,5.11,-778484.325524,-984474.487736
111,D22,7,5,1,0,0.87,17.4,1.2,0.7,Agri,R,0.047115317,1.21,0.03,5.74,-778595.890614,-984196.003929
112,D23,6,4,1,1,0.17,14.7,0,0,Agri,R,0.056927846,5.48,-0.04,4.82,-778707.455703,-983917.520122
113,D24,9,7,0,1,3.312,28.3,4.1,11.8,Agri,R,0.069167213,6.66,0.09,4.5,-778428.971896,-983805.955033
114,D25,11,5,4,3,3.933,21.5,2.9,21.7,Agri,R,0.043771198,4.3,0.07,4.96,-778317.406807,-984084.438840
115,D26,12,4,4,6,3.753,18.4,4.3,49.3,Forest,R,0.028665344,7.13,-0.11,4.55,-778205.841717,-984362.922647
116,D27,12,3,5,6,2.752,24.9,14.9,19.6,Forest,R,0.061926847,8.4,-0.07,4.26,-778094.276628,-984641.406454
117,D28,13,3,4,7,3.327,10.4,6.9,33.1,Forest,R,0.036867164,5.55,-0.02,4.86,-777815.792821,-984529.841364
118,D29,11,6,2,3,3.769,17.6,14.3,26.6,Forest,R,0.04099984,11.88,0.25,4.12,-777927.357910,-984251.357557
119,D30,11,4,5,4,4.851,6.4,8.4,48.6,Forest,R,0.028684439,9.45,-0.2,4.42,-778038.923000,-983972.873750
120,E01,8,2,6,2,2.146,37.3,35.7,8.2,None,N,0.115246056,9.29,-0.1,4.55,-775475.499441,-985531.353670
121,E02,14,3,7,4,2.877,20.1,16.4,21,None,N,0.014265989,9.45,0.07,4.21,-775753.983248,-985642.918760
122,E03,13,2,5,6,6.478,2,2.9,56.5,None,N,0.036372517,7.65,0,4.52,-776032.467055,-985754.483849
123,E04,10,3,5,3,4.935,2.7,2.5,40.6,None,N,0.050356891,8.83,-0.19,4.31,-776310.950862,-985866.048938
124,E05,9,3,3,4,1.945,4.1,0.1,0.4,Other,R,0.138423151,3.42,0.04,5.35,-776589.434669,-985977.614028
125,E06,13,2,4,9,6.945,2.6,5.4,82.7,None,N,0.02286849,7.32,-0.02,4.69,-776700.999759,-985699.130221
126,E07,17,5,3,10,5.865,2.1,4.1,72.2,None,N,0.037186357,18.87,0.18,3.68,-776979.483566,-985810.695310
127,E08,10,1,2,8,5.01,1.3,1.8,89.9,None,N,0.010543771,12.42,-0.13,4.35,-777091.048656,-985532.211503
128,E09,13,3,5,8,6.176,2.9,3,86.3,None,N,0.025054359,11.54,0.01,4.17,-776812.564848,-985420.646414
129,E10,12,2,2,9,5.16,1.6,1.1,87.5,None,N,0.021892986,11.44,0.22,4.16,-776924.129938,-985142.162607
130,E11,10,2,3,6,4.887,3.1,3.8,84.7,None,N,0.01168746,13.54,0.22,3.85,-777202.613745,-985253.727696
131,E12,11,2,4,7,4.395,5.9,3.7,70.5,None,N,0.017080816,6.86,-0.12,4.81,-777481.097552,-985365.292786
132,E13,12,6,3,4,2.356,7.5,8.3,63,Forest,R,0.022925569,5.34,0.07,4.85,-777759.581359,-985476.857875
133,E14,10,3,5,4,3.014,8.4,8.1,63,Forest,R,0.019823087,8.89,-0.04,4.43,-777871.146449,-985198.374068
134,E15,7,4,3,0,2.273,5.7,4,6.3,Other,R,0.085937311,5.16,0.01,4.91,-778149.630256,-985309.939158
135,E16,3,2,1,1,1.932,5.4,2,1.8,Other,R,0.020773914,4.26,0.05,5.02,-778428.114063,-985421.504247
136,E17,2,2,0,0,0,8.3,0,0,Other,R,0.016928819,6.45,0,4.92,-778539.679152,-985143.020440
137,E18,9,5,3,3,2.149,7.9,7.1,23.1,Other,R,0.063840603,7.73,-0.01,4.36,-778651.244242,-984864.536633
138,E19,9,4,2,4,3.094,5.6,9.9,38,Forest,R,0.061226517,6.9,0.05,4.55,-778372.760435,-984752.971543
139,E20,11,6,4,2,1.934,7.3,1.5,4,Other,R,0.046185291,8.4,-0.01,4.37,-778261.195345,-985031.455350
140,E21,11,3,5,4,2.615,19.2,11.6,33.7,Forest,R,0.039803825,5.87,0.04,4.76,-777982.711538,-984919.890261
141,E22,15,3,5,9,4.788,6.5,5,67.6,Forest,R,0.028697966,11,-0.13,4.03,-777704.227731,-984808.325171
142,E23,9,3,3,4,5.497,2.5,6.1,84.5,Forest,R,0.01392007,9.97,0.04,4.13,-777592.662642,-985086.808979
143,E24,10,4,3,5,4.584,4.9,8.4,73.4,None,N,0.010866043,15,0.19,3.78,-777314.178835,-984975.243889
144,E25,9,6,3,1,1.387,6.3,0.1,0,None,N,0.118051328,3.96,0.14,5.18,-777425.743924,-984696.760082
145,E26,8,2,3,4,4.822,23.2,2.2,15.3,None,N,0.054884319,7.09,0.03,4.5,-777147.260117,-984585.194993
146,E27,11,3,3,6,5.188,5.3,6.1,69.1,None,N,0.022329305,16.39,-0.06,3.76,-777035.695028,-984863.678800
147,E28,14,3,5,8,6.129,6.5,9.9,60.6,None,N,0.006765781,10.89,0.08,4.17,-776757.211220,-984752.113710
148,E29,14,3,5,7,3.902,11.5,4.9,57.6,None,N,0.012678083,13.45,-0.18,3.95,-776868.776310,-984473.629903
149,F01,11,4,5,5,0.108,29.7,17.1,0,None,N,0.115926647,6.47,-0.03,4.63,-775363.934352,-985809.837477
150,F02,9,2,6,2,3.377,7.1,10.2,31.4,None,N,0.046666523,14.01,-0.05,4.02,-775642.418159,-985921.402567
151,F03,3,2,1,0,0.106,3.6,0,0,Forest,R,0.084179011,4.03,0.03,5.03,-775920.901966,-986032.967656
152,F04,4,3,1,1,2.636,4.7,0,0.2,Agri,R,0.077331351,2.96,-0.12,5.6,-776199.385773,-986144.532745
153,F05,4,4,0,0,0.388,4.3,0.2,0,Other,R,0.045953234,3.8,0.05,5.3,-776477.869580,-986256.097835
154,F06,3,3,0,0,2.567,1.5,0.1,0.3,Other,R,0.080934666,4.28,-0.05,5.3,-776756.353387,-986367.662924
155,F07,4,2,1,1,2.589,2.5,0.2,2,Other,R,0.143394283,2.94,-0.14,5.62,-776866.688633,-986092.588240
156,F08,12,10,1,1,2.321,10.3,3.6,14,Sukcess,R,0.127177365,9.33,0.17,4.32,-777146.402284,-986200.744207
157,F09,10,4,4,4,2.285,8.9,3.2,7.2,Other,R,0.137905605,5.93,0,4.81,-777257.967373,-985922.260400
158,F10,4,2,1,2,2.572,18.7,0,0.3,None,N,0.073292534,5.38,0.04,4.79,-777369.532463,-985643.776593
159,F11,3,3,0,0,2.623,4.4,0.1,0.3,Other,R,0.129327714,2.43,-0.02,5.67,-777648.016270,-985755.341682
160,F12,3,2,0,1,0,2.9,0,0,Other,R,0.09861178,1.18,0,6.17,-777926.500077,-985866.906772
161,F13,4,3,0,1,2.443,6,1.2,2.2,Other,R,0.126569348,7.12,-0.01,4.69,-778038.065166,-985588.422965
162,F14,6,3,1,2,2.122,6.2,3.3,12.3,Other,R,-0.01426993,6.7,0.11,5.07,-778316.548973,-985699.988054
163,F15,5,2,3,0,1.776,2.3,1.7,3,Other,R,0.032983254,9.19,0.13,4.25,-778595.032781,-985811.553144
164,F16,4,3,1,1,1.596,1.7,0.8,1.6,Other,R,0.077194001,7.75,-0.16,4.64,-778483.467691,-986090.036951
165,F17,1,1,0,0,0,3.1,0,0,Other,R,0.075814264,3.17,0.06,5.46,-778204.983884,-985978.471861
166,F18,6,3,3,0,2.229,4.7,1,4.1,Other,R,0.117647924,4.58,-0.07,5.11,-778093.418794,-986256.955668
167,F19,11,4,4,4,3.576,2.7,8.8,29.4,Forest,R,0.073046358,7.5,0.19,4.44,-778371.902602,-986368.520758
168,F20,2,2,0,0,0,0.5,0,0,Other,R,0.036415389,5.49,0.25,4.98,-778260.337512,-986647.004565
169,F21,3,2,0,0,0.343,1.6,0,0,Other,R,0.054095306,2.2,0.03,5.85,-777981.853705,-986535.439475
170,F22,3,1,0,0,0.108,14.9,0,0,Other,R,0.033120336,5.67,-0.11,5.01,-777703.369898,-986423.874386
171,F23,3,3,0,0,2.394,4.7,0,0.1,Other,R,0.108111512,3.07,-0.06,5.49,-777814.934987,-986145.390579
172,F24,3,3,0,0,2.802,4.7,1.4,3.9,Other,R,0.086274787,3.41,-0.02,5.4,-777536.451180,-986033.825489
173,F25,1,1,0,0,2.335,8.7,1.1,6.2,Other,R,0.085121483,4.62,0.04,4.86,-777424.886091,-986312.309296
174,F26,11,9,1,0,2.684,5,2.5,18.2,Sukcess,R,0.164024857,5.83,-0.05,4.46,-777313.321001,-986590.793104
175,F27,1,1,0,0,0,4.3,0,0,Other,R,0.092293489,2.72,0.01,5.55,-777591.804808,-986702.358193
176,F28,3,2,0,0,0.979,1.2,0,0,Other,R,0.15606982,5.01,0.1,5.16,-777870.288615,-986813.923283
177,F29,4,3,1,0,2.114,1.5,0.1,0.9,Other,R,0.139961262,7.54,0.12,4.55,-778148.772422,-986925.488372
178,F30,6,3,2,1,2.514,2.8,0.1,1,Other,R,0.09662017,2.22,-0.04,5.75,-778037.207333,-987203.972179
179,G01,10,7,2,1,2.371,5.7,4.3,8.9,Other,R,0.096511946,4.57,0.06,5.05,-775252.369262,-986088.321284
180,G02,3,1,1,1,0.344,9.8,0.1,0,Forest,R,0.073814799,3.17,0.02,5.25,-775530.853069,-986199.886374
181,G03,2,2,0,0,0,1.5,0,0,Agri,R,0.062998975,1.06,0,5.76,-775809.336876,-986311.451463
182,G04,2,2,0,0,0.213,1.4,0.1,0,Forest,R,0.079764311,6.63,0.2,4.74,-776087.820684,-986423.016553
183,G05,7,7,0,0,0.592,3.2,0.2,0,Other,R,0.081867642,3.06,-0.02,5.62,-776366.304491,-986534.581642
184,G06,5,5,0,0,2.31,1.7,0.2,0.1,Other,R,0.09849909,3.26,-0.04,5.5,-776644.788298,-986646.146732
185,G07,2,2,0,0,2.614,3.9,0,0.4,Other,R,0.04654164,2.1,0.07,5.62,-776923.272105,-986757.711821
186,G08,4,2,2,0,2.521,9.6,3.4,49.7,Sukcess,R,0.080796737,7.77,0.08,4.11,-777034.837194,-986479.228014
187,G09,1,1,0,0,0,9.5,0,0,Other,R,0.123305447,6.76,0.07,4.96,-777201.755912,-986869.276911
188,G10,2,2,0,0,0.141,19.1,0,0,Other,R,0.162639075,9.19,-0.18,4.68,-777480.239719,-986980.842000
189,G11,2,2,0,0,0.112,1.4,0,0,Forest,R,0.116877918,11.44,0.08,4.07,-777758.723526,-987092.407089
190,G12,2,2,0,0,0,2.4,0,0,Forest,R,0.076140572,8.5,-0.07,4.48,-777647.158437,-987370.890897
191,G13,3,3,0,0,1.258,4,0,0.1,Forest,R,0.092109467,5.63,0.12,4.98,-777925.642244,-987482.455986
192,G14,3,2,0,1,0,6.7,0,0,Other,R,0.092704522,9.13,-0.21,4.61,-777814.077154,-987760.939793
193,G15,4,4,0,0,0.536,5.3,0.2,0,Other,R,0.11943872,8.9,-0.01,4.61,-777535.593347,-987649.374704
194,G16,4,4,0,0,2.738,16.1,0.1,0.7,Forest,R,0.07692698,7.91,0.2,4.45,-777257.109540,-987537.809614
195,G17,2,2,0,0,1.216,7,0,0,Other,R,0.071997997,4.47,-0.21,5.44,-777368.674629,-987259.325807
196,G18,4,4,0,0,0.098,8.3,0,0,Forest,R,0.078850739,7.91,0.13,4.59,-777090.190822,-987147.760718
197,G19,6,5,0,1,3.184,2.1,0,0,Forest,R,0.065854313,9.54,0.15,4.29,-776978.625733,-987426.244525
198,G20,7,5,1,1,2.649,13.1,2.8,2.9,Sukcess,R,0.15164918,13.83,-0.15,3.33,-776867.060643,-987704.728332
199,G21,8,7,0,0,2.351,2.8,0,0,Other,R,0.09539568,3.92,0.06,5.24,-776588.576836,-987593.163242
200,G22,6,5,2,0,3.534,5.4,0.1,0.3,Forest,R,0.070191506,6.5,-0.04,4.85,-776310.093029,-987481.598153
201,G23,2,2,0,0,0.082,13.9,0,0,Agri,R,0.039240477,3.09,-0.1,5.41,-776198.527940,-987760.081960
202,G24,3,3,0,0,0.569,28.3,0,0,Agri,R,0.005945592,1.23,0.01,5.78,-776086.962850,-988038.565767
203,G25,1,1,0,0,2.437,21.8,0,0.1,Forest,R,0.017379054,3.21,0.08,5.22,-775975.397761,-988317.049574
204,G26,4,1,3,0,2.222,7.4,0.2,1.1,Agri,R,0.023983629,4.48,0.1,5,-776253.881568,-988428.614664
205,G27,6,3,2,1,1.461,10,8.8,6.2,Other,R,0.040166117,7.81,-0.05,4.58,-776532.365375,-988540.179753
206,G28,10,2,4,4,5.824,10.6,4.8,59.9,None,N,0.015208017,10.57,0.06,4.29,-776420.800285,-988818.663560
207,H01,13,9,2,3,1.017,7.3,2.9,1.3,Forest,R,0.105022394,4.41,-0.06,5.74,-775140.804173,-986366.805091
208,H02,3,3,1,0,0.674,19.5,2.8,0.3,Agri,R,0.078239031,2.44,0,5.52,-775419.287980,-986478.370181
209,H03,5,5,0,0,0.449,4.7,0.1,0,Agri,R,0.084388324,1.77,-0.02,5.64,-775697.771787,-986589.935270
210,H04,6,5,1,0,0.271,1.8,0,0,Agri,R,0.057136134,1.38,-0.01,5.56,-775976.255594,-986701.500360
211,H05,3,3,1,0,0.068,4.7,0,0,Other,R,0.107346027,6.88,0.23,4.72,-776254.739401,-986813.065449
212,H06,6,6,0,0,1.671,17.7,1.5,2.3,Other,R,0.118594216,7.17,-0.01,4.83,-776533.223208,-986924.630539
213,H07,10,7,0,2,1.275,10.5,0.4,0.3,Other,R,0.170460183,7.23,0.02,4.45,-776811.707015,-987036.195628
214,H08,9,8,0,0,0.142,4.1,0.1,0,Other,R,0.18452807,5.84,-0.15,5.41,-776700.141926,-987314.679435
215,H09,7,7,1,0,0.42,30.3,0.1,0,Other,R,0.111688383,4.78,-0.06,5.45,-776421.658119,-987203.114346
216,H10,4,3,1,0,0,11.2,0,0,Agri,R,0.068934301,2.56,0.03,5.22,-776143.174312,-987091.549256
217,H11,2,2,0,0,0.639,8.8,0,0,Agri,R,0.06121579,1.44,0.02,5.57,-775864.690504,-986979.984167
218,H12,5,4,1,1,0.114,22.1,0.1,0,Forest,R,0.032824938,2.47,0,5.71,-775753.125415,-987258.467974
219,H13,6,6,1,0,0,9,0,0,Agri,R,0.054152832,2.16,-0.03,5.66,-776031.609222,-987370.033063
220,H14,4,4,1,0,0,12.4,0,0,Agri,R,0.037858205,1.3,0.01,5.53,-775920.044133,-987648.516870
221,H15,14,6,4,6,3.247,10.4,0.7,6.8,Forest,R,0.02540732,3.94,-0.06,5.36,-775641.560325,-987536.951781
222,H16,4,4,0,0,0.26,16.7,0,0,Agri,R,0.035870341,1.44,0.02,5.69,-775808.479043,-987927.000678
223,H17,5,4,0,1,0.12,22.3,0,0,Agri,R,0.036539726,1.3,-0.02,5.97,-775696.913954,-988205.484485
224,H18,15,8,3,5,9.139,11.5,3.1,11.9,None,N,0.05747512,4.24,-0.06,5.12,-775585.348864,-988483.968292
225,H19,12,4,6,4,8.001,20.9,4.8,16.5,None,N,0.02969218,5.22,-0.08,5.04,-775863.832671,-988595.533381
226,H20,16,6,4,9,5.441,3.9,2.6,54.9,None,N,0.016034188,6.75,-0.04,4.63,-776142.316478,-988707.098471
227,H21,16,4,3,10,3.745,1.1,0.3,86.3,None,N,0.02869302,7.44,0.05,4.5,-776309.235196,-989097.147367
228,H22,12,3,4,8,4.667,3.4,1,79.1,None,N,0.022952604,7.12,0.01,4.56,-776030.751389,-988985.582278
229,H23,18,3,6,12,4.838,6,2,74.5,None,N,0.018164377,6.92,0,4.6,-775752.267582,-988874.017188
230,H24,13,2,3,10,6.578,2.7,3.5,77.6,None,N,0.018137267,4.64,0.03,4.97,-775473.783775,-988762.452099
